Poem_Summary,Line_Original,Line_Summary,Word_Original,Hierarchical_Entity_Tag,Notes
"Poem 1: Hymn to Lord Vishnu describing his divine form, attributes, and cosmic significance",எரிமலர் சினைஇய கண்ணை பூவை,"Eyes that resemble flame-flowers, O lotus-eyed one",எரிமலர்,DIVINE_ATTRIBUTE_FLAMEFLOWER,"Flame-flower; poetic metaphor for divine eyes resembling fiery blossoms"
"Poem 1: Hymn to Lord Vishnu describing his divine form, attributes, and cosmic significance",எரிமலர் சினைஇய கண்ணை பூவை,"Eyes that resemble flame-flowers, O lotus-eyed one",சினைஇய,VERB_RESEMBLANCE,"Resemble, are similar to; present tense verb"
"Poem 1: Hymn to Lord Vishnu describing his divine form, attributes, and cosmic significance",எரிமலர் சினைஇய கண்ணை பூவை,"Eyes that resemble flame-flowers, O lotus-eyed one",கண்ணை,BODY_PART_EYE,"Eyes; accusative case form of 'கண்'"
"Poem 1: Hymn to Lord Vishnu describing his divine form, attributes, and cosmic significance",எரிமலர் சினைஇய கண்ணை பூவை,"Eyes that resemble flame-flowers, O lotus-eyed one",பூவை,DIVINE_ADDRESS_FLOWERLORD,"O lotus-eyed one; poetic address to Vishnu"
"Poem 1: Hymn to Lord Vishnu describing his divine form, attributes, and cosmic significance",விரிமலர் புரையும் மேனியை மேனித்,"Form that resembles blossomed flowers, in your form",விரிமலர்,FLOWER_BLOSSOMED,"Blossomed flowers; fully opened flowers as metaphor"
"Poem 1: Hymn to Lord Vishnu describing his divine form, attributes, and cosmic significance",விரிமலர் புரையும் மேனியை மேனித்,"Form that resembles blossomed flowers, in your form",புரையும்,VERB_COMPARE,"Resemble, are like; comparative verb"
"Poem 1: Hymn to Lord Vishnu describing his divine form, attributes, and cosmic significance",விரிமலர் புரையும் மேனியை மேனித்,"Form that resembles blossomed flowers, in your form",மேனியை,BODY_FORM,"Form, body; accusative case of 'மேனி'"
"Poem 1: Hymn to Lord Vishnu describing his divine form, attributes, and cosmic significance",விரிமலர் புரையும் மேனியை மேனித்,"Form that resembles blossomed flowers, in your form",மேனித்,BODY_FORM_LOCATIVE,"In/on the form; locative case suffix"
"Poem 1: Hymn to Lord Vishnu describing his divine form, attributes, and cosmic significance",திரு ஞெமிர்ந்து அமர்ந்த மார்பினை மார்பில்,"The prosperity that shines and resides on your chest, on your chest",திரு,DIVINE_PROSPERITY,"Prosperity, auspiciousness; refers to Lakshmi on Vishnu's chest"
"Poem 1: Hymn to Lord Vishnu describing his divine form, attributes, and cosmic significance",திரு ஞெமிர்ந்து அமர்ந்த மார்பினை மார்பில்,"The prosperity that shines and resides on your chest, on your chest",ஞெமிர்ந்து,VERB_SHINE,"Shine, glow; present participle"
"Poem 1: Hymn to Lord Vishnu describing his divine form, attributes, and cosmic significance",திரு ஞெமிர்ந்து அமர்ந்த மார்பினை மார்பில்,"The prosperity that shines and resides on your chest, on your chest",அமர்ந்த,VERB_RESIDE,"Reside, sit; past participle"
"Poem 1: Hymn to Lord Vishnu describing his divine form, attributes, and cosmic significance",திரு ஞெமிர்ந்து அமர்ந்த மார்பினை மார்பில்,"The prosperity that shines and resides on your chest, on your chest",மார்பினை,BODY_PART_CHEST,"Chest; accusative case of 'மார்பு'"
"Poem 1: Hymn to Lord Vishnu describing his divine form, attributes, and cosmic significance",திரு ஞெமிர்ந்து அமர்ந்த மார்பினை மார்பில்,"The prosperity that shines and resides on your chest, on your chest",மார்பில்,BODY_PART_CHEST_LOCATIVE,"On the chest; locative case"
"Poem 1: Hymn to Lord Vishnu describing his divine form, attributes, and cosmic significance",தெரிமணி பிறங்கும் பூணினை மால்வரை,"The clear jewels that shine on your ornament, O mountain-like lord",தெரிமணி,JEWEL_CLEAR,"Clear jewels; transparent or bright gems"
"Poem 1: Hymn to Lord Vishnu describing his divine form, attributes, and cosmic significance",தெரிமணி பிறங்கும் பூணினை மால்வரை,"The clear jewels that shine on your ornament, O mountain-like lord",பிறங்கும்,VERB_SHINE,"Shine, glitter; present tense verb"
"Poem 1: Hymn to Lord Vishnu describing his divine form, attributes, and cosmic significance",தெரிமணி பிறங்கும் பூணினை மால்வரை,"The clear jewels that shine on your ornament, O mountain-like lord",பூணினை,ORNAMENT_JEWELRY,"Ornament, jewelry; accusative case"
"Poem 1: Hymn to Lord Vishnu describing his divine form, attributes, and cosmic significance",தெரிமணி பிறங்கும் பூணினை மால்வரை,"The clear jewels that shine on your ornament, O mountain-like lord",மால்வரை,DIVINE_ADDRESS_MOUNTAIN,"O mountain-like lord; poetic address to Vishnu"
"Poem 1: Hymn to Lord Vishnu describing his divine form, attributes, and cosmic significance",எரி திரிந்தன்ன பொன் புனை உடுக்கையை,"Golden garment that resembles swirling fire",எரி,FIRE_FLAME,"Fire, flame; element reference"
"Poem 1: Hymn to Lord Vishnu describing his divine form, attributes, and cosmic significance",எரி திரிந்தன்ன பொன் புனை உடுக்கையை,"Golden garment that resembles swirling fire",திரிந்தன்ன,VERB_SWIRLING,"Swirling, turning; resembles swirling motion"
"Poem 1: Hymn to Lord Vishnu describing his divine form, attributes, and cosmic significance",எரி திரிந்தன்ன பொன் புனை உடுக்கையை,"Golden garment that resembles swirling fire",பொன்,MATERIAL_GOLD,"Gold; precious metal"
"Poem 1: Hymn to Lord Vishnu describing his divine form, attributes, and cosmic significance",எரி திரிந்தன்ன பொன் புனை உடுக்கையை,"Golden garment that resembles swirling fire",புனை,VERB_ADORN,"Adorn, decorate; verb"
"Poem 1: Hymn to Lord Vishnu describing his divine form, attributes, and cosmic significance",எரி திரிந்தன்ன பொன் புனை உடுக்கையை,"Golden garment that resembles swirling fire",உடுக்கையை,GARMENT_CLOTHING,"Garment, clothing; accusative case"
"Poem 1: Hymn to Lord Vishnu describing his divine form, attributes, and cosmic significance",சேவலம் கொடியோய் நின் வலவயின் நிறுத்தும்,"O rooster-flag bearer, established on your right side",சேவலம்,ANIMAL_ROOSTER,"Rooster; emblem of Murugan, here used for Vishnu"
"Poem 1: Hymn to Lord Vishnu describing his divine form, attributes, and cosmic significance",சேவலம் கொடியோய் நின் வலவயின் நிறுத்தும்,"O rooster-flag bearer, established on your right side",கொடியோய்,DIVINE_ADDRESS_BANNERBEARER,"O banner-bearer; addressing the deity"
"Poem 1: Hymn to Lord Vishnu describing his divine form, attributes, and cosmic significance",சேவலம் கொடியோய் நின் வலவயின் நிறுத்தும்,"O rooster-flag bearer, established on your right side",நின்,POSSESSIVE_YOUR,"Your; possessive pronoun"
"Poem 1: Hymn to Lord Vishnu describing his divine form, attributes, and cosmic significance",சேவலம் கொடியோய் நின் வலவயின் நிறுத்தும்,"O rooster-flag bearer, established on your right side",வலவயின்,DIRECTION_RIGHTSIDE,"Right side; locative form"
"Poem 1: Hymn to Lord Vishnu describing his divine form, attributes, and cosmic significance",சேவலம் கொடியோய் நின் வலவயின் நிறுத்தும்,"O rooster-flag bearer, established on your right side",நிறுத்தும்,VERB_ESTABLISH,"Establish, place; present tense verb"
"Poem 1: Hymn to Lord Vishnu describing his divine form, attributes, and cosmic significance",ஏவல் உழந்தமை கூறும்,"Speaks of the suffering from commands",ஏவல்,COMMAND_ORDER,"Command, order; noun"
"Poem 1: Hymn to Lord Vishnu describing his divine form, attributes, and cosmic significance",ஏவல் உழந்தமை கூறும்,"Speaks of the suffering from commands",உழந்தமை,SUFFERING_EXPERIENCE,"Suffering, experiencing; verbal noun"
"Poem 1: Hymn to Lord Vishnu describing his divine form, attributes, and cosmic significance",ஏவல் உழந்தமை கூறும்,"Speaks of the suffering from commands",கூறும்,VERB_SPEAK,"Speak, tell; present tense verb"
"Poem 1: Hymn to Lord Vishnu describing his divine form, attributes, and cosmic significance",நாவல் அந்தணர் அருமறைப் பொருளே,"O profound mystery of the Vedic Brahmins",நாவல்,ACTION_SPEAKING,"Speaking, telling; verbal noun"
"Poem 1: Hymn to Lord Vishnu describing his divine form, attributes, and cosmic significance",நாவல் அந்தணர் அருமறைப் பொருளே,"O profound mystery of the Vedic Brahmins",அந்தணர்,PRIEST_BRAHMIN,"Brahmins, Vedic priests"
"Poem 1: Hymn to Lord Vishnu describing his divine form, attributes, and cosmic significance",நாவல் அந்தணர் அருமறைப் பொருளே,"O profound mystery of the Vedic Brahmins",அருமறைப்,KNOWLEDGE_SECRET,"Secret knowledge, profound mystery"
"Poem 1: Hymn to Lord Vishnu describing his divine form, attributes, and cosmic significance",நாவல் அந்தணர் அருமறைப் பொருளே,"O profound mystery of the Vedic Brahmins",பொருளே,DIVINE_ADDRESS_ESSENCE,"O essence; addressing the divine principle"
"Poem 1: Hymn to Lord Vishnu describing his divine form, attributes, and cosmic significance",அமர் வென்ற கணை,"The arrow that conquers battles",அமர்,BATTLE_WAR,"Battle, war; noun"
"Poem 1: Hymn to Lord Vishnu describing his divine form, attributes, and cosmic significance",அமர் வென்ற கணை,"The arrow that conquers battles",வென்ற,VERB_CONQUER,"Conquer, win; past participle"
"Poem 1: Hymn to Lord Vishnu describing his divine form, attributes, and cosmic significance",அமர் வென்ற கணை,"The arrow that conquers battles",கணை,WEAPON_ARROW,"Arrow; weapon"
"Poem 1: Hymn to Lord Vishnu describing his divine form, attributes, and cosmic significance",இணைபிரி அணி துணி பணி எரி புரை,"Pairs separate, ornaments, clothes, duties, fire, resemble",இணைபிரி,SEPARATION_PAIR,"Separation of pairs; compound verb"
"Poem 1: Hymn to Lord Vishnu describing his divine form, attributes, and cosmic significance",இணைபிரி அணி துணி பணி எரி புரை,"Pairs separate, ornaments, clothes, duties, fire, resemble",அணி,ORNAMENT_DECORATION,"Ornament, decoration"
"Poem 1: Hymn to Lord Vishnu describing his divine form, attributes, and cosmic significance",இணைபிரி அணி துணி பணி எரி புரை,"Pairs separate, ornaments, clothes, duties, fire, resemble",துணி,CLOTH_GARMENT,"Cloth, garment"
"Poem 1: Hymn to Lord Vishnu describing his divine form, attributes, and cosmic significance",இணைபிரி அணி துணி பணி எரி புரை,"Pairs separate, ornaments, clothes, duties, fire, resemble",பணி,DUTY_SERVICE,"Duty, service"
"Poem 1: Hymn to Lord Vishnu describing his divine form, attributes, and cosmic significance",இணைபிரி அணி துணி பணி எரி புரை,"Pairs separate, ornaments, clothes, duties, fire, resemble",எரி,FIRE_FLAME,"Fire"
"Poem 1: Hymn to Lord Vishnu describing his divine form, attributes, and cosmic significance",இணைபிரி அணி துணி பணி எரி புரை,"Pairs separate, ornaments, clothes, duties, fire, resemble",புரை,RESEMBLANCE_SIMILARITY,"Resemblance, similarity"
"Poem 1: Hymn to Lord Vishnu describing his divine form, attributes, and cosmic significance",விடர் இடு சுடர் படர் பொலம்புனை வினைமலர்,"Clefts give, flames spread, shining decorations, action flowers",விடர்,GEOLOGY_CLEFT,"Cleft, crevice; geological feature"
"Poem 1: Hymn to Lord Vishnu describing his divine form, attributes, and cosmic significance",விடர் இடு சுடர் படர் பொலம்புனை வினைமலர்,"Clefts give, flames spread, shining decorations, action flowers",இடு,VERB_GIVE,"Give, place; verb"
"Poem 1: Hymn to Lord Vishnu describing his divine form, attributes, and cosmic significance",விடர் இடு சுடர் படர் பொலம்புனை வினைமலர்,"Clefts give, flames spread, shining decorations, action flowers",சுடர்,FLAME_LIGHT,"Flame, light"
"Poem 1: Hymn to Lord Vishnu describing his divine form, attributes, and cosmic significance",விடர் இடு சுடர் படர் பொலம்புனை வினைமலர்,"Clefts give, flames spread, shining decorations, action flowers",படர்,VERB_SPREAD,"Spread, extend; verb"
"Poem 1: Hymn to Lord Vishnu describing his divine form, attributes, and cosmic significance",விடர் இடு சுடர் படர் பொலம்புனை வினைமலர்,"Clefts give, flames spread, shining decorations, action flowers",பொலம்புனை,ORNAMENT_SHINING,"Shining decoration; compound word"
"Poem 1: Hymn to Lord Vishnu describing his divine form, attributes, and cosmic significance",விடர் இடு சுடர் படர் பொலம்புனை வினைமலர்,"Clefts give, flames spread, shining decorations, action flowers",வினைமலர்,FLOWER_ACTION,"Action flower; metaphorical compound"
"Poem 1: Hymn to Lord Vishnu describing his divine form, attributes, and cosmic significance",நெரி திரட் எரி புரை தனமிகு தன முரண்மிகு,"Dense clusters, fire resembles, wealth abundant, self opposing abundant",நெரி,DENSITY_CLOSE,"Close, dense; adjective"
"Poem 1: Hymn to Lord Vishnu describing his divine form, attributes, and cosmic significance",நெரி திரட் எரி புரை தனமிகு தன முரண்மிகு,"Dense clusters, fire resembles, wealth abundant, self opposing abundant",திரட்,CLUSTER_GROUP,"Cluster, group; noun"
"Poem 1: Hymn to Lord Vishnu describing his divine form, attributes, and cosmic significance",நெரி திரட் எரி புரை தனமிகு தன முரண்மிகு,"Dense clusters, fire resembles, wealth abundant, self opposing abundant",எரி,FIRE_FLAME,"Fire"
"Poem 1: Hymn to Lord Vishnu describing his divine form, attributes, and cosmic significance",நெரி திரட் எரி புரை தனமிகு தன முரண்மிகு,"Dense clusters, fire resembles, wealth abundant, self opposing abundant",புரை,RESEMBLANCE_SIMILARITY,"Resembles"
"Poem 1: Hymn to Lord Vishnu describing his divine form, attributes, and cosmic significance",நெரி திரட் எரி புரை தனமிகு தன முரண்மிகu,"Dense clusters, fire resembles, wealth abundant, self opposing abundant",தனமிகு,WEALTH_ABUNDANT,"Abundant wealth; compound"
"Poem 1: Hymn to Lord Vishnu describing his divine form, attributes, and cosmic significance",நெரி திரட் எரி புரை தனமிகு தன முரண்மிகு,"Dense clusters, fire resembles, wealth abundant, self opposing abundant",தன,SELF_INDIVIDUAL,"Self, individual"
"Poem 1: Hymn to Lord Vishnu describing his divine form, attributes, and cosmic significance",நெரி திரட் எரி புரை தனமிகு தன முரண்மிகு,"Dense clusters, fire resembles, wealth abundant, self opposing abundant",முரண்மிகு,OPPOSITION_ABUNDANT,"Abundant opposition; compound"
"Poem 1: Hymn to Lord Vishnu describing his divine form, attributes, and cosmic significance",கடல் அரு மணியொடும் முத்து யாத்த நேரணி,"With ocean-rare gems and pearls arranged in straight lines",கடல்,OCEAN_SEA,"Ocean, sea"
"Poem 1: Hymn to Lord Vishnu describing his divine form, attributes, and cosmic significance",கடல் அரு மணியொடும் முத்து யாத்த நேரணி,"With ocean-rare gems and pearls arranged in straight lines",அரு,RARE_DIFFICULT,"Rare, difficult"
"Poem 1: Hymn to Lord Vishnu describing his divine form, attributes, and cosmic significance",கடல் அரு மணியொடும் முத்து யாத்த நேரணi,"With ocean-rare gems and pearls arranged in straight lines",மணியொடும்,JEWEL_WITH,"With gems; comitative case"
"Poem 1: Hymn to Lord Vishnu describing his divine form, attributes, and cosmic significance",கடல் அரு மணியொடும் முத்து யாத்த நேரணி,"With ocean-rare gems and pearls arranged in straight lines",முத்து,JEWEL_PEARL,"Pearl; precious gem from ocean"
"Poem 1: Hymn to Lord Vishnu describing his divine form, attributes, and cosmic significance",கடல் அரு மணியொடும் முத்து யாத்த நேரணி,"With ocean-rare gems and pearls arranged in straight lines",யாத்த,VERB_ARRANGE,"Arrange, compose; past participle"
"Poem 1: Hymn to Lord Vishnu describing his divine form, attributes, and cosmic significance",கடல் அரு மணியொடும் முத்து யாத்த நேரணி,"With ocean-rare gems and pearls arranged in straight lines",நேரணி,FORMATION_STRAIGHTLINE,"Straight line formation; military term"
"Poem 1: Hymn to Lord Vishnu describing his divine form, attributes, and cosmic significance",நெறி செறி வெறி உறு முறல் விறல் வணங்கு அணங்கு வில்,"Path filled, frenzy possessing, strength valor bowing goddess bow",நெறி,PATH_WAY,"Path, way; noun"
"Poem 1: Hymn to Lord Vishnu describing his divine form, attributes, and cosmic significance",நெறி செறி வெறி உறு முறல் விறல் வணங்கு அணங்கு வில்,"Path filled, frenzy possessing, strength valor bowing goddess bow",செறி,VERB_FILL,"Fill, pack; verb"
"Poem 1: Hymn to Lord Vishnu describing his divine form, attributes, and cosmic significance",நெறி செறி வெறி உறு முறல் விறல் வணங்கு அணங்கு வில்,"Path filled, frenzy possessing, strength valor bowing goddess bow",வெறி,FRENZY_PASSION,"Frenzy, passion; emotional state"
"Poem 1: Hymn to Lord Vishnu describing his divine form, attributes, and cosmic significance",நெறி செறி வெறி உறு முறல் விறல் வணங்கு அணங்கு வில்,"Path filled, frenzy possessing, strength valor bowing goddess bow",உறு,VERB_POSSESS,"Possess, obtain; verb"
"Poem 1: Hymn to Lord Vishnu describing his divine form, attributes, and cosmic significance",நெறி செறி வெறி உறு முறல் விறல் வணங்கு அணங்கு வில்,"Path filled, frenzy possessing, strength valor bowing goddess bow",முறல்,STRENGTH_POWER,"Strength, power"
"Poem 1: Hymn to Lord Vishnu describing his divine form, attributes, and cosmic significance",நெறி செறி வெறி உறு முறல் விறல் வணங்கு அணங்கு வில்,"Path filled, frenzy possessing, strength valor bowing goddess bow",விறல்,VALOR_COURAGE,"Valor, courage"
"Poem 1: Hymn to Lord Vishnu describing his divine form, attributes, and cosmic significance",நெறி செறி வெறி உறு முறல் விறல் வணங்கு அணங்கு வில்,"Path filled, frenzy possessing, strength valor bowing goddess bow",வணங்கு,VERB_BOW,"Bow, worship; verb"
"Poem 1: Hymn to Lord Vishnu describing his divine form, attributes, and cosmic significance",நெறி செறி வெறி உறு முறல் விறல் வணங்கு அணங்கு வில்,"Path filled, frenzy possessing, strength valor bowing goddess bow",அணங்கு,GODDESS_DIVINEFEMALE,"Goddess, divine female being"
"Poem 1: Hymn to Lord Vishnu describing his divine form, attributes, and cosmic significance",நெறி செறி வெறி உறு முறல் விறல் வணங்கு அணங்கு வில்,"Path filled, frenzy possessing, strength valor bowing goddess bow",வில்,WEAPON_BOW,"Bow (weapon)"
"Poem 1: Hymn to Lord Vishnu describing his divine form, attributes, and cosmic significance",தார் அணி துணி மணி வெயில் உறழ் எழில் புகழ் அலர் மார்பின்,"Garland ornament cloth jewel sunlight competing beauty praise blossom chest",தார்,GARLAND_WREATH,"Garland, wreath; floral ornament"
"Poem 1: Hymn to Lord Vishnu describing his divine form, attributes, and cosmic significance",தார் அணி துணி மணி வெயில் உறழ் எழில் புகழ் அலர் மார்பின்,"Garland ornament cloth jewel sunlight competing beauty praise blossom chest",அணி,ORNAMENT_DECORATION,"Ornament"
"Poem 1: Hymn to Lord Vishnu describing his divine form, attributes, and cosmic significance",தார் அணி துணி மணி வெயில் உறழ் எழில் புகழ் அலர் மார்பின்,"Garland ornament cloth jewel sunlight competing beauty praise blossom chest",துணி,CLOTH_GARMENT,"Cloth"
"Poem 1: Hymn to Lord Vishnu describing his divine form, attributes, and cosmic significance",தார் அணி துணி மணி வெயில் உறழ் எழில் புகழ் அலர் மார்பின்,"Garland ornament cloth jewel sunlight competing beauty praise blossom chest",மணி,JEWEL_GEM,"Jewel, gem"
"Poem 1: Hymn to Lord Vishnu describing his divine form, attributes, and cosmic significance",தார் அணி துணி மணி வெயில் உறழ் எழில் புகழ் அலர் மார்பின்,"Garland ornament cloth jewel sunlight competing beauty praise blossom chest",வெயில்,SUNLIGHT_HEAT,"Sunlight, heat"
"Poem 1: Hymn to Lord Vishnu describing his divine form, attributes, and cosmic significance",தார் அணி துணி மணி வெயில் உறழ் எழில் புகழ் அலர் மார்பின்,"Garland ornament cloth jewel sunlight competing beauty praise blossom chest",உறழ்,VERB_COMPETE,"Compete, vie with; verb"
"Poem 1: Hymn to Lord Vishnu describing his divine form, attributes, and cosmic significance",தார் அணி துணி மணி வெயில் உறழ் எழில் புகழ் அலர் மார்பின்,"Garland ornament cloth jewel sunlight competing beauty praise blossom chest",எழில்,BEAUTY_GRACE,"Beauty, grace"
"Poem 1: Hymn to Lord Vishnu describing his divine form, attributes, and cosmic significance",தார் அணி துணி மணி வெயில் உறழ் எழில் புகழ் அலர் மார்பின்,"Garland ornament cloth jewel sunlight competing beauty praise blossom chest",புகழ்,PRAISE_FAME,"Praise, fame"
"Poem 1: Hymn to Lord Vishnu describing his divine form, attributes, and cosmic significance",தார் அணி துணி மணி வெயில் உறழ் எழில் புகழ் அலர் மார்பின்,"Garland ornament cloth jewel sunlight competing beauty praise blossom chest",அலர்,BLOOM_BLOSSOM,"Bloom, blossom; also gossip"
"Poem 1: Hymn to Lord Vishnu describing his divine form, attributes, and cosmic significance",தார் அணி துணி மணி வெயில் உறழ் எழில் புகழ் அலர் மார்பின்,"Garland ornament cloth jewel sunlight competing beauty praise blossom chest",மார்பின்,BODY_PART_CHEST_GENITIVE,"Of the chest; genitive case"
"Poem 1: Hymn to Lord Vishnu describing his divine form, attributes, and cosmic significance",எரி வயிர நுதி எறி படை எருத்து மலை இவர் நவையினில்,"Fire diamond tip throwing weapon neck mountain these faults in",எரி,FIRE_FLAME,"Fire"
"Poem 1: Hymn to Lord Vishnu describing his divine form, attributes, and cosmic significance",எரி வயிர நுதி எறி படை எருத்து மலை இவர் நவையினில்,"Fire diamond tip throwing weapon neck mountain these faults in",வயிர,MATERIAL_DIAMOND,"Diamond; hard gemstone"
"Poem 1: Hymn to Lord Vishnu describing his divine form, attributes, and cosmic significance",எரி வயிர நுதி எறி படை எருத்து மலை இவர் நவையினில்,"Fire diamond tip throwing weapon neck mountain these faults in",நுதி,TIP_POINT,"Tip, point; of arrow or weapon"
"Poem 1: Hymn to Lord Vishnu describing his divine form, attributes, and cosmic significance",எரி வயிர நுதி எறி படை எருத்து மலை இவர் நவையினில்,"Fire diamond tip throwing weapon neck mountain these faults in",எறி,VERB_THROW,"Throw, hurl; verb"
"Poem 1: Hymn to Lord Vishnu describing his divine form, attributes, and cosmic significance",எரி வயிர நுதி எறி படை எருத்து மலை இவர் நவையினில்,"Fire diamond tip throwing weapon neck mountain these faults in",படை,WEAPON_ARMY,"Weapon; also army"
"Poem 1: Hymn to Lord Vishnu describing his divine form, attributes, and cosmic significance",எரி வயிர நுதி எறி படை எருத்து மலை இவர் நவையினில்,"Fire diamond tip throwing weapon neck mountain these faults in",எருத்து,NECK_THROAT,"Neck, throat"
"Poem 1: Hymn to Lord Vishnu describing his divine form, attributes, and cosmic significance",எரி வயிர நுதி எறி படை எருத்து மலை இவர் நவையினில்,"Fire diamond tip throwing weapon neck mountain these faults in",மலை,MOUNTAIN_HILL,"Mountain, hill"
"Poem 1: Hymn to Lord Vishnu describing his divine form, attributes, and cosmic significance",எரி வயிர நுதி எறி படை எருத்து மலை இவர் நவையினில்,"Fire diamond tip throwing weapon neck mountain these faults in",இவர்,PRONOUN_THESE,"These; plural demonstrative"
"Poem 1: Hymn to Lord Vishnu describing his divine form, attributes, and cosmic significance",எரி வயிர நுதி எறி படை எருத்து மலை இவர் நவையினில்,"Fire diamond tip throwing weapon neck mountain these faults in",நவையினில்,FAULT_DEFECT_LOCATIVE,"In faults; locative case"
"Poem 1: Hymn to Lord Vishnu describing his divine form, attributes, and cosmic significance",துணி படல் இன மணி வெயில் உறழ் எழில் நக்கு,"Cloth falling swarm jewel sunlight competing beauty smiling",துணி,CLOTH_GARMENT,"Cloth"
"Poem 1: Hymn to Lord Vishnu describing his divine form, attributes, and cosmic significance",துணி படல் இன மணி வெயில் உறழ் எழில் நக்கு,"Cloth falling swarm jewel sunlight competing beauty smiling",படல்,FALLING_DESCENDING,"Falling, descending"
"Poem 1: Hymn to Lord Vishnu describing his divine form, attributes, and cosmic significance",துணி படல் இன மணி வெயில் உறழ் எழில் நக்கu,"Cloth falling swarm jewel sunlight competing beauty smiling",இன,SWARM_GROUP,"Swarm, group; collective noun"
"Poem 1: Hymn to Lord Vishnu describing his divine form, attributes, and cosmic significance",துணி படல் இன மணி வெயில் உறழ் எழில் நக்கு,"Cloth falling swarm jewel sunlight competing beauty smiling",மணி,JEWEL_GEM,"Jewel"
"Poem 1: Hymn to Lord Vishnu describing his divine form, attributes, and cosmic significance",துணி படல் இன மணி வெயில் உறழ் எழில் நக்கு,"Cloth falling swarm jewel sunlight competing beauty smiling",வெயில்,SUNLIGHT_HEAT,"Sunlight"
"Poem 1: Hymn to Lord Vishnu describing his divine form, attributes, and cosmic significance",துணி படல் இன மணி வெயில் உறழ் எழில் நக்கு,"Cloth falling swarm jewel sunlight competing beauty smiling",உறழ்,VERB_COMPETE,"Compete"
"Poem 1: Hymn to Lord Vishnu describing his divine form, attributes, and cosmic significance",துணி படல் இன மணி வெயில் உறழ் எழில் நக்கு,"Cloth falling swarm jewel sunlight competing beauty smiling",எழில்,BEAUTY_GRACE,"Beauty"
"Poem 1: Hymn to Lord Vishnu describing his divine form, attributes, and cosmic significance",துணி படல் இன மணி வெயில் உறழ் எழில் நக்கு,"Cloth falling swarm jewel sunlight competing beauty smiling",நக்கு,VERB_SMILE,"Smile, grin; verb"
"Poem 1: Hymn to Lord Vishnu describing his divine form, attributes, and cosmic significance",இமை இருள் அகல முறு கிறுகு புரி ஒரு புரி நாள்மலர்,"Eyelid darkness departs, arranged lines, one line day-flower",இமை,BODY_PART_EYELID,"Eyelid; body part"
"Poem 1: Hymn to Lord Vishnu describing his divine form, attributes, and cosmic significance",இமை இருள் அகல முறு கிறுகு புரி ஒரு புரி நாள்மலர்,"Eyelid darkness departs, arranged lines, one line day-flower",இருள்,DARKNESS_GLOOM,"Darkness, gloom"
"Poem 1: Hymn to Lord Vishnu describing his divine form, attributes, and cosmic significance",இமை இருள் அகல முறு கிறுகு புரி ஒரு புரி நாள்மலர்,"Eyelid darkness departs, arranged lines, one line day-flower",அகல,VERB_DEPART,"Depart, leave; verb"
"Poem 1: Hymn to Lord Vishnu describing his divine form, attributes, and cosmic significance",இமை இருள் அகல முறு கிறுகு புரி ஒரு புரி நாள்மலர்,"Eyelid darkness departs, arranged lines, one line day-flower",முறு,ARRANGED_ORDERED,"Arranged, ordered"
"Poem 1: Hymn to Lord Vishnu describing his divine form, attributes, and cosmic significance",இமை இருள் அகல முறு கிறுகு புரி ஒரு புரி நாள்மலர்,"Eyelid darkness departs, arranged lines, one line day-flower",கிறுகு,LINES_STRIPES,"Lines, stripes"
"Poem 1: Hymn to Lord Vishnu describing his divine form, attributes, and cosmic significance",இமை இருள் அகல முறு கிறுகு புரி ஒரு புரி நாள்மலர்,"Eyelid darkness departs, arranged lines, one line day-flower",புரி,LINE_STRAND,"Line, strand, twist"
"Poem 1: Hymn to Lord Vishnu describing his divine form, attributes, and cosmic significance",இமை இருள் அகல முறு கிறுகு புரி ஒரு புரி நாள்மலர்,"Eyelid darkness departs, arranged lines, one line day-flower",ஒரு,ONE_SINGLE,"One, single"
"Poem 1: Hymn to Lord Vishnu describing his divine form, attributes, and cosmic significance",இமை இருள் அகல முறு கிறுகு புரி ஒரு புரி நாள்மலர்,"Eyelid darkness departs, arranged lines, one line day-flower",புரி,LINE_STRAND,"Line, strand"
"Poem 1: Hymn to Lord Vishnu describing his divine form, attributes, and cosmic significance",இமை இருள் அகல முறு கிறுகு புரி ஒரு புரி நாள்மலர்,"Eyelid darkness departs, arranged lines, one line day-flower",நாள்மலர்,FLOWER_DAY,"Day-flower; blooms during daytime"
"Poem 1: Hymn to Lord Vishnu describing his divine form, attributes, and cosmic significance",மலர் இலகின வளர் பரிதியின் ஒளி மணி மார்பு அணி,"Flowers shine, growing sun's light jewel chest ornament",மலர்,FLOWER_BLOSSOM,"Flower, blossom"
"Poem 1: Hymn to Lord Vishnu describing his divine form, attributes, and cosmic significance",மலர் இலகின வளர் பரிதியின் ஒளி மணி மார்பு அணி,"Flowers shine, growing sun's light jewel chest ornament",இலகின,VERB_SHINE,"Shine, glitter; past tense"
"Poem 1: Hymn to Lord Vishnu describing his divine form, attributes, and cosmic significance",மலர் இலகின வளர் பரிதியின் ஒளி மணி மார்பு அணி,"Flowers shine, growing sun's light jewel chest ornament",வளர்,VERB_GROW,"Grow, flourish; verb"
"Poem 1: Hymn to Lord Vishnu describing his divine form, attributes, and cosmic significance",மலர் இலகின வளர் பரிதியின் ஒளி மணி மார்பு அணி,"Flowers shine, growing sun's light jewel chest ornament",பரிதியின்,SUN_GENITIVE,"Of the sun; genitive case"
"Poem 1: Hymn to Lord Vishnu describing his divine form, attributes, and cosmic significance",மலர் இலகின வளர் பரிதியின் ஒளி மணி மார்பு அணி,"Flowers shine, growing sun's light jewel chest ornament",ஒளி,LIGHT_RADIANCE,"Light, radiance"
"Poem 1: Hymn to Lord Vishnu describing his divine form, attributes, and cosmic significance",மலர் இலகின வளர் பரிதியின் ஒளி மணி மார்பு அணி,"Flowers shine, growing sun's light jewel chest ornament",மணி,JEWEL_GEM,"Jewel"
"Poem 1: Hymn to Lord Vishnu describing his divine form, attributes, and cosmic significance",மலர் இலகின வளர் பரிதியின் ஒளி மணி மார்பு அணி,"Flowers shine, growing sun's light jewel chest ornament",மார்பு,BODY_PART_CHEST,"Chest"
"Poem 1: Hymn to Lord Vishnu describing his divine form, attributes, and cosmic significance",மலர் இலகின வளர் பரிதியின் ஒளி மணி மார்பு அணி,"Flowers shine, growing sun's light jewel chest ornament",அணி,ORNAMENT_DECORATION,"Ornament"
"Poem 1: Hymn to Lord Vishnu describing his divine form, attributes, and cosmic significance",மணம் மிக நாறு உருவின விரை வளி மிகு கடு விசை,"Fragrance abundant smelling form swift wind abundant fierce speed",மணம்,FRAGRANCE_SCENT,"Fragrance, scent"
"Poem 1: Hymn to Lord Vishnu describing his divine form, attributes, and cosmic significance",மணம் மிக நாறு உருவின விரை வளி மிகு கடு விசை,"Fragrance abundant smelling form swift wind abundant fierce speed",மிக,ABUNDANT_EXCESSIVE,"Abundant, excessive"
"Poem 1: Hymn to Lord Vishnu describing his divine form, attributes, and cosmic significance",மணம் மிக நாறு உருவின விரை வளி மிகு கடு விசை,"Fragrance abundant smelling form swift wind abundant fierce speed",நாறு,VERB_SMELL,"Smell, emit fragrance; verb"
"Poem 1: Hymn to Lord Vishnu describing his divine form, attributes, and cosmic significance",மணம் மிக நாறு உருவின விரை வளி மிகு கடு விசை,"Fragrance abundant smelling form swift wind abundant fierce speed",உருவின,FORM_SHAPE_GENITIVE,"Of form; genitive case"
"Poem 1: Hymn to Lord Vishnu describing his divine form, attributes, and cosmic significance",மணம் மிக நாறு உருவின விரை வளி மிகு கடு விசை,"Fragrance abundant smelling form swift wind abundant fierce speed",விரை,SWIFT_FAST,"Swift, fast"
"Poem 1: Hymn to Lord Vishnu describing his divine form, attributes, and cosmic significance",மணம் மிக நாறு உருவின விரை வளி மிகு கடு விசை,"Fragrance abundant smelling form swift wind abundant fierce speed",வளி,WIND_AIR,"Wind, air"
"Poem 1: Hymn to Lord Vishnu describing his divine form, attributes, and cosmic significance",மணம் மிக நாறு உருவின விரை வளி மிகு கடு விசை,"Fragrance abundant smelling form swift wind abundant fierce speed",மிகு,ABUNDANT_EXCESSIVE,"Abundant"
"Poem 1: Hymn to Lord Vishnu describing his divine form, attributes, and cosmic significance",மணம் மிக நாறு உருவின விரை வளி மிகு கடு விசை,"Fragrance abundant smelling form swift wind abundant fierce speed",கடு,FIERCE_INTENSE,"Fierce, intense"
"Poem 1: Hymn to Lord Vishnu describing his divine form, attributes, and cosmic significance",மணம் மிக நாறு உருவின விரை வளி மிகு கடு விசை,"Fragrance abundant smelling form swift wind abundant fierce speed",விசை,SPEED_VELOCITY,"Speed, velocity"
"Poem 1: Hymn to Lord Vishnu describing his divine form, attributes, and cosmic significance",உடுவுறு தலை நிரை இதழ் அணி வயிறு இரிய அமரரைப்,"Body possessing head row petal ornament stomach scatter celestials",உடுவுறு,BODY_POSSESSING,"Body-possessing; compound"
"Poem 1: Hymn to Lord Vishnu describing his divine form, attributes, and cosmic significance",உடுவுறு தலை நிரை இதழ் அணி வயிறு இரிய அமரரைப்,"Body possessing head row petal ornament stomach scatter celestials",தலை,HEAD_LEADER,"Head; also leader"
"Poem 1: Hymn to Lord Vishnu describing his divine form, attributes, and cosmic significance",உடுவுறு தலை நிரை இதழ் அணி வயிறு இரிய அமரரைப்,"Body possessing head row petal ornament stomach scatter celestials",நிரை,ROW_LINE,"Row, line"
"Poem 1: Hymn to Lord Vishnu describing his divine form, attributes, and cosmic significance",உடுவுறு தலை நிரை இதழ் அணி வயிறு இரிய அமரரைப்,"Body possessing head row petal ornament stomach scatter celestials",இதழ்,PETAL_LEAF,"Petal, leaf"
"Poem 1: Hymn to Lord Vishnu describing his divine form, attributes, and cosmic significance",உடுவுறு தலை நிரை இதழ் அணி வயிறு இரிய அமரரைப்,"Body possessing head row petal ornament stomach scatter celestials",அணி,ORNAMENT_DECORATION,"Ornament"
"Poem 1: Hymn to Lord Vishnu describing his divine form, attributes, and cosmic significance",உடுவுறு தலை நிரை இதழ் அணி வயிறு இரிய அமரரைப்,"Body possessing head row petal ornament stomach scatter celestials",வயிறு,STOMACH_BELLY,"Stomach, belly"
"Poem 1: Hymn to Lord Vishnu describing his divine form, attributes, and cosmic significance",உடுவுறு தலை நிரை இதழ் அணி வயிறு இரிய அமரரைப்,"Body possessing head row petal ornament stomach scatter celestials",இரிய,VERB_SCATTER,"Scatter, disperse; verb"
"Poem 1: Hymn to Lord Vishnu describing his divine form, attributes, and cosmic significance",உடுவுறு தலை நிரை இதழ் அணி வயிறு இரிய அமரரைப்,"Body possessing head row petal ornament stomach scatter celestials",அமரரைப்,CELESTIALS_ACCUSATIVE,"Celestials, gods; accusative case"
"Poem 1: Hymn to Lord Vishnu describing his divine form, attributes, and cosmic significance",போர் எழுந்து உடன்று இரைத்து உரைஇய தானவர்,"War arose, enraged, roared, spoke the demons",போர்,WAR_BATTLE,"War, battle"
"Poem 1: Hymn to Lord Vishnu describing his divine form, attributes, and cosmic significance",போர் எழுந்து உடன்று இரைத்து உரைஇய தானவர்,"War arose, enraged, roared, spoke the demons",எழுந்து,VERB_AROSE,"Arose, rose up; past tense"
"Poem 1: Hymn to Lord Vishnu describing his divine form, attributes, and cosmic significance",போர் எழுந்து உடன்று இரைத்து உரைஇய தானவர்,"War arose, enraged, roared, spoke the demons",உடன்று,VERB_ENRAGED,"Enraged, angry; past participle"
"Poem 1: Hymn to Lord Vishnu describing his divine form, attributes, and cosmic significance",போர் எழுந்து உடன்று இரைத்து உரைஇய தானவர்,"War arose, enraged, roared, spoke the demons",இரைத்து,VERB_ROARED,"Roared, thundered; past tense"
"Poem 1: Hymn to Lord Vishnu describing his divine form, attributes, and cosmic significance",போர் எழுந்து உடன்று இரைத்து உரைஇய தானவர்,"War arose, enraged, roared, spoke the demons",உரைஇய,VERB_SPOKE,"Spoke, uttered; past participle"
"Poem 1: Hymn to Lord Vishnu describing his divine form, attributes, and cosmic significance",போர் எழுந்து உடன்று இரைத்து உரைஇய தானவர்,"War arose, enraged, roared, spoke the demons",தானவர்,DEMONS_ASURAS,"Demons, Asuras; mythical beings"
"Poem 1: Hymn to Lord Vishnu describing his divine form, attributes, and cosmic significance",சிரம் உமிழ் புனல் பொழி பு இழிந்து உரம்,"Head vomiting water pouring down strength",சிரம்,HEAD_SKULL,"Head, skull"
"Poem 1: Hymn to Lord Vishnu describing his divine form, attributes, and cosmic significance",சிரம் உமிழ் புனல் பொழி பு இழிந்து உரம்,"Head vomiting water pouring down strength",உமிழ்,VERB_VOMIT,"Vomit, spew; verb"
"Poem 1: Hymn to Lord Vishnu describing his divine form, attributes, and cosmic significance",சிரம் உமிழ் புனல் பொழி பு இழிந்து உரம்,"Head vomiting water pouring down strength",புனல்,WATER_STREAM,"Water, stream"
"Poem 1: Hymn to Lord Vishnu describing his divine form, attributes, and cosmic significance",சிரம் உமிழ் புனல் பொழி பு இழிந்து உரம்,"Head vomiting water pouring down strength",பொழி,VERB_POUR,"Pour, shower; verb"
"Poem 1: Hymn to Lord Vishnu describing his divine form, attributes, and cosmic significance",சிரம் உமிழ் புனல் பொழி பு இழிந்து உரம்,"Head vomiting water pouring down strength",பு,GRAMMAR_SUFFIX,"Grammatical suffix; uncertain meaning"
"Poem 1: Hymn to Lord Vishnu describing his divine form, attributes, and cosmic significance",சிரம் உமிழ் புனல் பொழி பு இழிந்து உரம்,"Head vomiting water pouring down strength",இழிந்து,VERB_DESCENDED,"Descended, went down; past tense"
"Poem 1: Hymn to Lord Vishnu describing his divine form, attributes, and cosmic significance",சிரம் உமிழ் புனல் பொழி பு இழிந்து உரம்,"Head vomiting water pouring down strength",உரம்,STRENGTH_POWER,"Strength, power"
"Poem 1: Hymn to Lord Vishnu describing his divine form, attributes, and cosmic significance",உதிர்பு அதிர்பு அலம் தொடா அமர் வென்ற கணை,"Shedding shaking unable to touch battle conquering arrow",உதிர்பு,VERB_SHEDDING,"Shedding, dropping; present participle"
"Poem 1: Hymn to Lord Vishnu describing his divine form, attributes, and cosmic significance",உதிர்பு அதிர்பு அலம் தொடா அமர் வென்ற கணை,"Shedding shaking unable to touch battle conquering arrow",அதிர்பு,VERB_SHAKING,"Shaking, trembling; present participle"
"Poem 1: Hymn to Lord Vishnu describing his divine form, attributes, and cosmic significance",உதிர்பு அதிர்பு அலம் தொடா அமர் வென்ற கணை,"Shedding shaking unable to touch battle conquering arrow",அலம்,INABILITY_UNABLE,"Unable, incapable"
"Poem 1: Hymn to Lord Vishnu describing his divine form, attributes, and cosmic significance",உதிர்பு அதிர்பு அலம் தொடா அமர் வென்ற கணை,"Shedding shaking unable to touch battle conquering arrow",தொடா,VERB_TOUCH_NEGATIVE,"Not touch; negative form of 'touch'"
"Poem 1: Hymn to Lord Vishnu describing his divine form, attributes, and cosmic significance",உதிர்பு அதிர்பு அலம் தொடா அமர் வென்ற கணை,"Shedding shaking unable to touch battle conquering arrow",அமர்,BATTLE_WAR,"Battle"
"Poem 1: Hymn to Lord Vishnu describing his divine form, attributes, and cosmic significance",உதிர்பு அதிர்பு அலம் தொடா அமர் வென்ற கணை,"Shedding shaking unable to touch battle conquering arrow",வென்ற,VERB_CONQUERED,"Conquered; past participle"
"Poem 1: Hymn to Lord Vishnu describing his divine form, attributes, and cosmic significance",உதிர்பு அதிர்பு அலம் தொடா அமர் வென்ற கணை,"Shedding shaking unable to touch battle conquering arrow",கணை,WEAPON_ARROW,"Arrow"
"Poem 2: Hymn to Lord Vishnu describing his cosmic cycles, incarnations, and divine manifestations",திருமாலின் பெருமை,The greatness of Vishnu,திருமாலின்,GOD_VISHNU_GENITIVE,"Of Vishnu; genitive case"
"Poem 2: Hymn to Lord Vishnu describing his cosmic cycles, incarnations, and divine manifestations",திருமாலின் பெருமை,The greatness of Vishnu,பெருமை,GREATNESS_MAJESTY,"Greatness, majesty"
"Poem 2: Hymn to Lord Vishnu describing his cosmic cycles, incarnations, and divine manifestations",ஊழிகளின் தோற்றம்,The appearance of cosmic eras,ஊழிகளின்,COSMICERA_GENITIVE,"Of cosmic eras; genitive plural"
"Poem 2: Hymn to Lord Vishnu describing his cosmic cycles, incarnations, and divine manifestations",ஊழிகளின் தோற்றம்,The appearance of cosmic eras,தோற்றம்,APPEARANCE_MANIFESTATION,"Appearance, manifestation"
"Poem 2: Hymn to Lord Vishnu describing his cosmic cycles, incarnations, and divine manifestations",தொல் முறை இயற்கையின் மதியொ,"Ancient order of nature's intelligence",தொல்,ANCIENT_OLD,"Ancient, old"
"Poem 2: Hymn to Lord Vishnu describing his cosmic cycles, incarnations, and divine manifestations",தொல் முறை இயற்கையின் மதியொ,"Ancient order of nature's intelligence",முறை,ORDER_SYSTEM,"Order, system"
"Poem 2: Hymn to Lord Vishnu describing his cosmic cycles, incarnations, and divine manifestations",தொல் முறை இயற்கையின் மதியொ,"Ancient order of nature's intelligence",இயற்கையின்,NATURE_GENITIVE,"Of nature; genitive case"
"Poem 2: Hymn to Lord Vishnu describing his cosmic cycles, incarnations, and divine manifestations",தொல் முறை இயற்கையின் மதியொ,"Ancient order of nature's intelligence",மதியொ,INTELLIGENCE_WISDOM,"Intelligence, wisdom; possibly incomplete"
"Poem 2: Hymn to Lord Vishnu describing his cosmic cycles, incarnations, and divine manifestations",... ..... ... மரபிற்று ஆக,"... tradition it is",...,TEXT_MISSING,"Missing text in manuscript"
"Poem 2: Hymn to Lord Vishnu describing his cosmic cycles, incarnations, and divine manifestations",... ..... ... மரபிற்று ஆக,"... tradition it is",மரபிற்று,TRADITION_CUSTOM,"Tradition, custom; locative/emphatic"
"Poem 2: Hymn to Lord Vishnu describing his cosmic cycles, incarnations, and divine manifestations",... ..... ... மரபிற்று ஆக,"... tradition it is",ஆக,VERB_IS,"Is, becomes; copula verb"
"Poem 2: Hymn to Lord Vishnu describing his cosmic cycles, incarnations, and divine manifestations",பசும் பொன்னுலகமும் மண்ணும் பாழ்பட,"Green golden world and earth become ruined",பசும்,GREEN_FRESH,"Green, fresh"
"Poem 2: Hymn to Lord Vishnu describing his cosmic cycles, incarnations, and divine manifestations",பசும் பொன்னுலகமும் மண்ணும் பாழ்பட,"Green golden world and earth become ruined",பொன்னுலகமும்,GOLDENWORLD_CONJ,"Golden world; with conjunction suffix"
"Poem 2: Hymn to Lord Vishnu describing his cosmic cycles, incarnations, and divine manifestations",பசும் பொன்னுலகமும் மண்ணும் பாழ்பட,"Green golden world and earth become ruined",மண்ணும்,EARTH_CONJ,"Earth; with conjunction suffix"
"Poem 2: Hymn to Lord Vishnu describing his cosmic cycles, incarnations, and divine manifestations",பசும் பொன்னுலகமும் மண்ணும் பாழ்பட,"Green golden world and earth become ruined",பாழ்பட,VERB_BECOMERUINED,"Become ruined, destroyed; verb"
"Poem 2: Hymn to Lord Vishnu describing his cosmic cycles, incarnations, and divine manifestations",விசும்பில் ஊழி ஊழ்ஊழ் செல்லக்,"In sky era era-era going",விசும்பில்,SKY_HEAVEN_LOCATIVE,"In the sky/heaven; locative case"
"Poem 2: Hymn to Lord Vishnu describing his cosmic cycles, incarnations, and divine manifestations",விசும்பில் ஊழி ஊழ்ஊழ் செல்லக்,"In sky era era-era going",ஊழி,COSMICERA_AGE,"Cosmic era, age"
"Poem 2: Hymn to Lord Vishnu describing his cosmic cycles, incarnations, and divine manifestations",விசும்பில் ஊழி ஊழ்ஊழ் செல்லக்,"In sky era era-era going",ஊழ்ஊழ்,ERA_SUPERERA,"Era of eras, super-era; compound"
"Poem 2: Hymn to Lord Vishnu describing his cosmic cycles, incarnations, and divine manifestations",விசும்பில் ஊழி ஊழ்ஊழ் செல்லக்,"In sky era era-era going",செல்லக்,GOING_ADVERBIAL,"Going; adverbial participle"
"Poem 2: Hymn to Lord Vishnu describing his cosmic cycles, incarnations, and divine manifestations",கருவளர் வானத்து இசையின் தோன்றி,"Embryo growing in sky from sound appearing",கருவளர்,EMBRYO_GROWING,"Embryo growing; compound"
"Poem 2: Hymn to Lord Vishnu describing his cosmic cycles, incarnations, and divine manifestations",கருவளர் வானத்து இசையின் தோன்றி,"Embryo growing in sky from sound appearing",வானத்து,SKY_LOCATIVE,"In sky; locative case"
"Poem 2: Hymn to Lord Vishnu describing his cosmic cycles, incarnations, and divine manifestations",கருவளர் வானத்து இசையின் தோன்றி,"Embryo growing in sky from sound appearing",இசையின்,SOUND_GENITIVE,"From sound; ablative/genitive"
"Poem 2: Hymn to Lord Vishnu describing his cosmic cycles, incarnations, and divine manifestations",கருவளர் வானத்து இசையின் தோன்றி,"Embryo growing in sky from sound appearing",தோன்றி,VERB_APPEARING,"Appearing; present participle"
"Poem 2: Hymn to Lord Vishnu describing his cosmic cycles, incarnations, and divine manifestations",உரு அறிவாரா ஒன்றன் ஊழியும்,"Form unknowable one's era also",உரு,FORM_SHAPE,"Form, shape"
"Poem 2: Hymn to Lord Vishnu describing his cosmic cycles, incarnations, and divine manifestations",உரு அறிவாரா ஒன்றன் ஊழியும்,"Form unknowable one's era also",அறிவாரா,UNKNOWABLE_UNKNOWN,"Unknowable, unknown; negative form"
"Poem 2: Hymn to Lord Vishnu describing his cosmic cycles, incarnations, and divine manifestations",உரு அறிவாரா ஒன்றன் ஊழியும்,"Form unknowable one's era also",ஒன்றன்,ONE_GENITIVE,"Of one; genitive case"
"Poem 2: Hymn to Lord Vishnu describing his cosmic cycles, incarnations, and divine manifestations",உரு அறிவாரா ஒன்றன் ஊழியும்,"Form unknowable one's era also",ஊழியும்,ERA_CONJ,"Era; with conjunction suffix"
"Poem 2: Hymn to Lord Vishnu describing his cosmic cycles, incarnations, and divine manifestations",உந்து வளி கிளர்ந்த ஊழ்ஊழ் ஊழியும்,"Pushing wind stirred era-era era also",உந்து,VERB_PUSHING,"Pushing, propelling; present participle"
"Poem 2: Hymn to Lord Vishnu describing his cosmic cycles, incarnations, and divine manifestations",உந்து வளி கிளர்ந்த ஊழ்ஊழ் ஊழியும்,"Pushing wind stirred era-era era also",வளி,WIND_AIR,"Wind, air"
"Poem 2: Hymn to Lord Vishnu describing his cosmic cycles, incarnations, and divine manifestations",உந்து வளி கிளர்ந்த ஊழ்ஊழ் ஊழியும்,"Pushing wind stirred era-era era also",கிளர்ந்த,VERB_STIRRED,"Stirred, agitated; past participle"
"Poem 2: Hymn to Lord Vishnu describing his cosmic cycles, incarnations, and divine manifestations",உந்து வளி கிளர்ந்த ஊழ்ஊழ் ஊழியும்,"Pushing wind stirred era-era era also",ஊழ்ஊழ்,SUPERERA_COMPOUND,"Super-era; compound of eras"
"Poem 2: Hymn to Lord Vishnu describing his cosmic cycles, incarnations, and divine manifestations",உந்து வளி கிளர்ந்த ஊழ்ஊழ் ஊழியும்,"Pushing wind stirred era-era era also",ஊழியும்,ERA_CONJ,"Era; with conjunction"
"Poem 2: Hymn to Lord Vishnu describing his cosmic cycles, incarnations, and divine manifestations",செந்தீச் சுடரிய ஊழியும் பனியொடு,"Red fire flaming era also with frost",செந்தீச்,REDFIRE_GENITIVE,"Of red fire; genitive case"
"Poem 2: Hymn to Lord Vishnu describing his cosmic cycles, incarnations, and divine manifestations",செந்தீச் சுடரிய ஊழியும் பனியொடு,"Red fire flaming era also with frost",சுடரிய,FLAMING_BURNING,"Flaming, burning; adjectival"
"Poem 2: Hymn to Lord Vishnu describing his cosmic cycles, incarnations, and divine manifestations",செந்தீச் சுடரிய ஊழியும் பனியொடு,"Red fire flaming era also with frost",ஊழியும்,ERA_CONJ,"Era; with conjunction"
"Poem 2: Hymn to Lord Vishnu describing his cosmic cycles, incarnations, and divine manifestations",செந்தீச் சுடரிய ஊழியும் பனியொடு,"Red fire flaming era also with frost",பனியொடு,FROST_WITH,"With frost; comitative case"
"Poem 2: Hymn to Lord Vishnu describing his cosmic cycles, incarnations, and divine manifestations",தண்பெயல் தலைஇய ஊழியும் அவையிற்று,"Cool rain beginning era also those among",தண்பெயல்,COOLRAIN_COMPOUND,"Cool rain; compound"
"Poem 2: Hymn to Lord Vishnu describing his cosmic cycles, incarnations, and divine manifestations",தண்பெயல் தலைஇய ஊழியும் அவையிற்று,"Cool rain beginning era also those among",தலைஇய,BEGINNING_STARTING,"Beginning, starting; adjectival"
"Poem 2: Hymn to Lord Vishnu describing his cosmic cycles, incarnations, and divine manifestations",தண்பெயல் தலைஇய ஊழியும் அவையிற்று,"Cool rain beginning era also those among",ஊழியும்,ERA_CONJ,"Era; with conjunction"
"Poem 2: Hymn to Lord Vishnu describing his cosmic cycles, incarnations, and divine manifestations",தண்பெயல் தலைஇய ஊழியும் அவையிற்று,"Cool rain beginning era also those among",அவையிற்று,THOSE_AMONG,"Among those; locative plural"
"Poem 2: Hymn to Lord Vishnu describing his cosmic cycles, incarnations, and divine manifestations",உள் முறை வெள்ளம் மூழ்கி ஆர்தருபு,"Inner order flood submerging enjoying",உள்,INSIDE_INNER,"Inside, inner"
"Poem 2: Hymn to Lord Vishnu describing his cosmic cycles, incarnations, and divine manifestations",உள் முறை வெள்ளம் மூழ்கி ஆர்தருபு,"Inner order flood submerging enjoying",முறை,ORDER_SYSTEM,"Order, system"
"Poem 2: Hymn to Lord Vishnu describing his cosmic cycles, incarnations, and divine manifestations",உள் முறை வெள்ளம் மூழ்கி ஆர்தருபு,"Inner order flood submerging enjoying",வெள்ளம்,FLOOD_DELUGE,"Flood, deluge"
"Poem 2: Hymn to Lord Vishnu describing his cosmic cycles, incarnations, and divine manifestations",உள் முறை வெள்ளம் மூழ்கி ஆர்தருபு,"Inner order flood submerging enjoying",மூழ்கி,VERB_SUBMERGING,"Submerging, sinking; present participle"
"Poem 2: Hymn to Lord Vishnu describing his cosmic cycles, incarnations, and divine manifestations",உள் முறை வெள்ளம் மூழ்கி ஆர்தருபு,"Inner order flood submerging enjoying",ஆர்தருபு,ENJOYING_REVELING,"Enjoying, reveling; present participle"
"Poem 2: Hymn to Lord Vishnu describing his cosmic cycles, incarnations, and divine manifestations",மீண்டும் பீடு உயர்பு ஈண்டி அவற்றிற்கும்,"Again dignity rising gathering for those also",மீண்டும்,AGAIN_ONCEMORE,"Again, once more"
"Poem 2: Hymn to Lord Vishnu describing his cosmic cycles, incarnations, and divine manifestations",மீண்டும் பீடு உயர்பு ஈண்டி அவற்றிற்கும்,"Again dignity rising gathering for those also",பீடு,DIGNITY_HONOR,"Dignity, honor"
"Poem 2: Hymn to Lord Vishnu describing his cosmic cycles, incarnations, and divine manifestations",மீண்டும் பீடு உயர்பு ஈண்டி அவற்றிற்கும்,"Again dignity rising gathering for those also",உயர்பு,RISING_ELEVATING,"Rising, elevating; verbal noun"
"Poem 2: Hymn to Lord Vishnu describing his cosmic cycles, incarnations, and divine manifestations",மீண்டும் பீடு உயர்பு ஈண்டி அவற்றிற்கும்,"Again dignity rising gathering for those also",ஈண்டி,GATHERING_ASSEMBLING,"Gathering, assembling; present participle"
"Poem 2: Hymn to Lord Vishnu describing his divine manifestations and cosmic supremacy",மாயோய் நின்வயின் பரந்தவை உரைத்தேம்,"O illusory one, in your presence we spoke of those that spread",மாயோய்,DIVINE_ADDRESS_ILLUSORY,"O illusory one; addressing Vishnu's maya aspect"
"Poem 2: Hymn to Lord Vishnu describing his divine manifestations and cosmic supremacy",மாயோய் நின்வயின் பரந்தவை உரைத்தேம்,"O illusory one, in your presence we spoke of those that spread",நின்வயின்,YOUR_PRESENCE,"In your presence; locative form"
"Poem 2: Hymn to Lord Vishnu describing his divine manifestations and cosmic supremacy",மாயோய் நின்வயின் பரந்தவை உரைத்தேம்,"O illusory one, in your presence we spoke of those that spread",பரந்தவை,SPREAD_THINGS,"Those that spread; past participle"
"Poem 2: Hymn to Lord Vishnu describing his divine manifestations and cosmic supremacy",மாயோய் நின்வயின் பரந்தவை உரைத்தேம்,"O illusory one, in your presence we spoke of those that spread",உரைத்தேம்,VERB_SPOKE_WE,"We spoke; past tense first person plural"
"Poem 2: Hymn to Lord Vishnu describing his divine manifestations and cosmic supremacy",மாயா வாய்மொழி உரைதர வலந்து,"Illusionless truthful words giving speech conquering",மாயா,ILLUSIONLESS_TRUTHFUL,"Without illusion, truthful"
"Poem 2: Hymn to Lord Vishnu describing his divine manifestations and cosmic supremacy",மாயா வாய்மொழி உரைதர வலந்து,"Illusionless truthful words giving speech conquering",வாய்மொழி,TRUTHFULWORDS,"Truthful words; compound"
"Poem 2: Hymn to Lord Vishnu describing his divine manifestations and cosmic supremacy",மாயா வாய்மொழி உரைதர வலந்து,"Illusionless truthful words giving speech conquering",உரைதர,SPEECH_GIVING,"Speech giving; compound verb"
"Poem 2: Hymn to Lord Vishnu describing his divine manifestations and cosmic supremacy",மாயா வாய்மொழி உரைதர வலந்து,"Illusionless truthful words giving speech conquering",வலந்து,CONQUERING_OVERCOMING,"Conquering, overcoming; present participle"
"Poem 2: Hymn to Lord Vishnu describing his divine manifestations and cosmic supremacy",வாய்மொழி ஓடை மலர்ந்த,"Truthful words stream blossomed",வாய்மொழி,TRUTHFULWORDS,"Truthful words"
"Poem 2: Hymn to Lord Vishnu describing his divine manifestations and cosmic supremacy",வாய்மொழி ஓடை மலர்ந்த,"Truthful words stream blossomed",ஓடை,STREAM_FLOW,"Stream, flow"
"Poem 2: Hymn to Lord Vishnu describing his divine manifestations and cosmic supremacy",வாய்மொழி ஓடை மலர்ந்த,"Truthful words stream blossomed",மலர்ந்த,BLOOMED_FLOWERED,"Bloomed, flowered; past participle"
"Poem 2: Hymn to Lord Vishnu describing his divine manifestations and cosmic supremacy",தாமரைப் பூவினுள் பிறந்தோனும் தாதையும்,"The one born in lotus flower and the father",தாமரைப்,LOTUS_GENITIVE,"Of lotus; genitive case"
"Poem 2: Hymn to Lord Vishnu describing his divine manifestations and cosmic supremacy",தாமரைப் பூவினுள் பிறந்தோனும் தாதையும்,"The one born in lotus flower and the father",பூவினுள்,FLOWER_INSIDE,"Inside flower; locative case"
"Poem 2: Hymn to Lord Vishnu describing his divine manifestations and cosmic supremacy",தாமரைப் பூவினுள் பிறந்தோனும் தாதையும்,"The one born in lotus flower and the father",பிறந்தோனும்,BORNONE_CONJ,"The born one; with conjunction"
"Poem 2: Hymn to Lord Vishnu describing his divine manifestations and cosmic supremacy",தாமரைப் பூவினுள் பிறந்தோனும் தாதையும்,"The one born in lotus flower and the father",தாதையும்,FATHER_CONJ,"Father; with conjunction"
"Poem 2: Hymn to Lord Vishnu describing his divine manifestations and cosmic supremacy",நீ என பொழியுமால் அந்தணர் அருமறை,"You are, rains, the Brahmins' profound mystery",நீ,YOU_PRONOUN,"You; second person pronoun"
"Poem 2: Hymn to Lord Vishnu describing his divine manifestations and cosmic supremacy",நீ என பொழியுமால் அந்தணர் அருமறை,"You are, rains, the Brahmins' profound mystery",என,AS_LIKE,"As, like; comparative"
"Poem 2: Hymn to Lord Vishnu describing his divine manifestations and cosmic supremacy",நீ என பொழியுமால் அந்தணர் அருமறை,"You are, rains, the Brahmins' profound mystery",பொழியுமால்,RAINS_VERB,"Rains; verb with modal suffix"
"Poem 2: Hymn to Lord Vishnu describing his divine manifestations and cosmic supremacy",நீ என பொழியுமால் அந்தணர் அருமறை,"You are, rains, the Brahmins' profound mystery",அந்தணர்,BRAHMINS_PRIESTS,"Brahmins, priests"
"Poem 2: Hymn to Lord Vishnu describing his divine manifestations and cosmic supremacy",நீ என பொழியுமால் அந்தணர் அருமறை,"You are, rains, the Brahmins' profound mystery",அருமறை,PROFOUNDMYSTERY,"Profound mystery; secret knowledge"
"Poem 2: Hymn to Lord Vishnu describing his divine manifestations and cosmic supremacy",முனிவரும் தேவரும் பாடும் வகை,"The way sages and gods sing",முனிவரும்,SAGES_CONJ,"Sages; with conjunction"
"Poem 2: Hymn to Lord Vishnu describing his divine manifestations and cosmic supremacy",முனிவரும் தேவரும் பாடும் வகை,"The way sages and gods sing",தேவரும்,GODS_CONJ,"Gods; with conjunction"
"Poem 2: Hymn to Lord Vishnu describing his divine manifestations and cosmic supremacy",முனிவரும் தேவரும் பாடும் வகை,"The way sages and gods sing",பாடும்,SING_PRESENT,"Sing; present tense verb"
"Poem 2: Hymn to Lord Vishnu describing his divine manifestations and cosmic supremacy",முனிவரும் தேவரும் பாடும் வகை,"The way sages and gods sing",வகை,WAY_MANNER,"Way, manner"
"Poem 2: Hymn to Lord Vishnu describing his divine manifestations and cosmic supremacy",ஏஎர் வயங்கு பூண் அமரரை வௌவிய அமிழ்தின்,"Beautiful shining ornament celestials stealing nectar",ஏஎர்,BEAUTIFUL_LOVELY,"Beautiful, lovely"
"Poem 2: Hymn to Lord Vishnu describing his divine manifestations and cosmic supremacy",ஏஎர் வயங்கு பூண் அமரரை வௌவிய அமிழ்தின்,"Beautiful shining ornament celestials stealing nectar",வயங்கு,SHINING_RADIANT,"Shining, radiant"
"Poem 2: Hymn to Lord Vishnu describing his divine manifestations and cosmic supremacy",ஏஎர் வயங்கு பூண் அமரரை வௌவிய அமிழ்தின்,"Beautiful shining ornament celestials stealing nectar",பூண்,ORNAMENT_ADORNMENT,"Ornament, adornment"
"Poem 2: Hymn to Lord Vishnu describing his divine manifestations and cosmic supremacy",ஏஎர் வயங்கு பூண் அமரரை வௌவிய அமிழ்தின்,"Beautiful shining ornament celestials stealing nectar",அமரரை,CELESTIALS_ACCUSATIVE,"Celestials; accusative case"
"Poem 2: Hymn to Lord Vishnu describing his divine manifestations and cosmic supremacy",ஏஎர் வயங்கு பூண் அமரரை வௌவிய அமிழ்தின்,"Beautiful shining ornament celestials stealing nectar",வௌவிய,STEALING_SNATCHING,"Stealing, snatching; past participle"
"Poem 2: Hymn to Lord Vishnu describing his divine manifestations and cosmic supremacy",ஏஎர் வயங்கு பூண் அமரரை வௌவிய அமிழ்தின்,"Beautiful shining ornament celestials stealing nectar",அமிழ்தின்,NECTAR_GENITIVE,"Of nectar; genitive case"
"Poem 2: Hymn to Lord Vishnu describing his divine manifestations and cosmic supremacy",பயந்தோள் இடுக்கண் களைந்த புள்ளினை,"Shoulder born distress removing bird",பயந்தோள்,BORNSHOULDER_COMPOUND,"Born shoulder; compound (reference to Garuda)"
"Poem 2: Hymn to Lord Vishnu describing his divine manifestations and cosmic supremacy",பயந்தோள் இடுக்கண் களைந்த புள்ளினை,"Shoulder born distress removing bird",இடுக்கண்,DISTRESS_TROUBLE,"Distress, trouble"
"Poem 2: Hymn to Lord Vishnu describing his divine manifestations and cosmic supremacy",பயந்தோள் இடுக்கண் களைந்த புள்ளினை,"Shoulder born distress removing bird",களைந்த,REMOVING_DISPERSING,"Removing, dispersing; past participle"
"Poem 2: Hymn to Lord Vishnu describing his divine manifestations and cosmic supremacy",பயந்தோள் இடுக்கண் களைந்த புள்ளினை,"Shoulder born distress removing bird",புள்ளினை,BIRD_ACCUSATIVE,"Bird; accusative case (Garuda)"
"Poem 3: Philosophical hymn exploring Vishnu's omnipresence, multiple forms, and cosmic unity",மா அயோயே மாஅயோயே,"O great being, O great being",மா,GREAT_LARGE,"Great, large"
"Poem 3: Philosophical hymn exploring Vishnu's omnipresence, multiple forms, and cosmic unity",மா அயோயே மாஅயோயே,"O great being, O great being",அயோயே,BEING_EXISTENCE,"Being, existence; vocative"
"Poem 3: Philosophical hymn exploring Vishnu's omnipresence, multiple forms, and cosmic unity",மா அயோயே மாஅயோயே,"O great being, O great being",மாஅயோயę,GREATBEING_VOCATIVE,"O great being; repeated vocative"
"Poem 3: Philosophical hymn exploring Vishnu's omnipresence, multiple forms, and cosmic unity",மறுபிறப்பு அறுக்கும் மாசு இல் சேவடி,"Feet that cut off rebirth, without stain",மறுபிறப்பு,REBIRTH_REINCARNATION,"Rebirth, reincarnation"
"Poem 3: Philosophical hymn exploring Vishnu's omnipresence, multiple forms, and cosmic unity",மறுபிறப்பு அறுக்கும் மாசு இல் சேவடி,"Feet that cut off rebirth, without stain",அறுக்கும்,CUTTING_SEVERING,"Cutting, severing; present tense"
"Poem 3: Philosophical hymn exploring Vishnu's omnipresence, multiple forms, and cosmic unity",மறுபிறப்பு அறுக்கும் மாசு இல் சேவடி,"Feet that cut off rebirth, without stain",மாசு,STAIN_IMPURITY,"Stain, impurity"
"Poem 3: Philosophical hymn exploring Vishnu's omnipresence, multiple forms, and cosmic unity",மறுபிறப்பு அறுக்கும் மாசு இல் சேவடி,"Feet that cut off rebirth, without stain",இல்,WITHOUT_DEVOID,"Without, devoid of"
"Poem 3: Philosophical hymn exploring Vishnu's omnipresence, multiple forms, and cosmic unity",மறுபிறப்பு அறுக்கும் மாசு இல் சேவடி,"Feet that cut off rebirth, without stain",சேவடி,FEET_FOOTPRINTS,"Feet, footprints"
"Poem 3: Philosophical hymn exploring Vishnu's omnipresence, multiple forms, and cosmic unity",மணி திகழ் உருபின் மா அயோயே,"Jewel shining form O great being",மணி,JEWEL_GEM,"Jewel, gem"
"Poem 3: Philosophical hymn exploring Vishnu's omnipresence, multiple forms, and cosmic unity",மணி திகழ் உருபின் மா அயோயே,"Jewel shining form O great being",திகழ்,SHINING_GLITTERING,"Shining, glittering"
"Poem 3: Philosophical hymn exploring Vishnu's omnipresence, multiple forms, and cosmic unity",மணி திகழ் உருபின் மா அயோயே,"Jewel shining form O great being",உருபின்,FORM_GENITIVE,"Of form; genitive case"
"Poem 3: Philosophical hymn exploring Vishnu's omnipresence, multiple forms, and cosmic unity",மணி திகழ் உருபின் மா அயோயே,"Jewel shining form O great being",மா,GREAT_LARGE,"Great"
"Poem 3: Philosophical hymn exploring Vishnu's omnipresence, multiple forms, and cosmic unity",மணி திகழ் உருபின் மா அயோயே,"Jewel shining form O great being",அயோயே,BEING_VOCATIVE,"O being; vocative"
"Poem 3: Philosophical hymn exploring Vishnu's omnipresence, multiple forms, and cosmic unity",தீ வளி விசும்பு நிலன் நீர் ஐந்தும்,"Fire wind sky earth water five",தீ,FIRE_FLAME,"Fire"
"Poem 3: Philosophical hymn exploring Vishnu's omnipresence, multiple forms, and cosmic unity",தீ வளி விசும்பு நிலன் நீர் ஐந்தும்,"Fire wind sky earth water five",வளி,WIND_AIR,"Wind"
"Poem 3: Philosophical hymn exploring Vishnu's omnipresence, multiple forms, and cosmic unity",தீ வளி விசும்பு நிலன் நீர் ஐந்தும்,"Fire wind sky earth water five",விசும்பு,SKY_HEAVEN,"Sky, heaven"
"Poem 3: Philosophical hymn exploring Vishnu's omnipresence, multiple forms, and cosmic unity",தீ வளி விசும்பு நிலன் நீர் ஐந்தும்,"Fire wind sky earth water five",நிலன்,EARTH_LAND,"Earth, land"
"Poem 3: Philosophical hymn exploring Vishnu's omnipresence, multiple forms, and cosmic unity",தீ வளி விசும்பு நிலன் நீர் ஐந்தும்,"Fire wind sky earth water five",நீர்,WATER,"Water"
"Poem 3: Philosophical hymn exploring Vishnu's omnipresence, multiple forms, and cosmic unity",தீ வளி விசும்பு நிலன் நீர் ஐந்தும்,"Fire wind sky earth water five",ஐந்தும்,FIVE_CONJ,"Five; with conjunction"
"Poem 3: Philosophical hymn exploring Vishnu's omnipresence, multiple forms, and cosmic unity",ஞாயிறும் திங்களும் அறனும் ஐவரும்,"Sun and moon and virtue and five persons",ஞாயிறும்,SUN_CONJ,"Sun; with conjunction"
"Poem 3: Philosophical hymn exploring Vishnu's omnipresence, multiple forms, and cosmic unity",ஞாயிறும் திங்களும் அறனும் ஐவரும்,"Sun and moon and virtue and five persons",திங்களும்,MOON_CONJ,"Moon; with conjunction"
"Poem 3: Philosophical hymn exploring Vishnu's omnipresence, multiple forms, and cosmic unity",ஞாயிறும் திங்களும் அறனும் ஐவரும்,"Sun and moon and virtue and five persons",அறனும்,VIRTUE_CONJ,"Virtue; with conjunction"
"Poem 3: Philosophical hymn exploring Vishnu's omnipresence, multiple forms, and cosmic unity",ஞாயிறும் திங்களும் அறனும் ஐவரும்,"Sun and moon and virtue and five persons",ஐவரும்,FIVEPERSONS_CONJ,"Five persons; with conjunction"
"Poem 3: Philosophical hymn exploring Vishnu's omnipresence, multiple forms, and cosmic unity",திதியின் சிறாரும் விதியின் மக்களும்,"Tithi's children and fate's people",திதியின்,TITHI_GENITIVE,"Of Tithi (lunar day); genitive"
"Poem 3: Philosophical hymn exploring Vishnu's omnipresence, multiple forms, and cosmic unity",திதியின் சிறாரும் விதியின் மக்களும்,"Tithi's children and fate's people",சிறாரும்,CHILDREN_CONJ,"Children; with conjunction"
"Poem 3: Philosophical hymn exploring Vishnu's omnipresence, multiple forms, and cosmic unity",திதியின் சிறாரும் விதியின் மக்களும்,"Tithi's children and fate's people",விதியின்,FATE_GENITIVE,"Of fate; genitive"
"Poem 3: Philosophical hymn exploring Vishnu's omnipresence, multiple forms, and cosmic unity",திதியின் சிறாரும் விதியின் மக்களும்,"Tithi's children and fate's people",மக்களும்,PEOPLE_CONJ,"People; with conjunction"
"Poem 3: Philosophical hymn exploring Vishnu's omnipresence, multiple forms, and cosmic unity",மாசு இல் எண்மரும் பதினொரு கபிலரும்,"Stainless eight persons and eleven Kapilas",மாசு,STAIN_IMPURITY,"Stain, impurity"
"Poem 3: Philosophical hymn exploring Vishnu's omnipresence, multiple forms, and cosmic unity",மாசு இல் எண்மரும் பதினொரு கபிலரும்,"Stainless eight persons and eleven Kapilas",இல்,WITHOUT_DEVOID,"Without"
"Poem 3: Philosophical hymn exploring Vishnu's omnipresence, multiple forms, and cosmic unity",மாசு இல் எண்மரும் பதினொரு கபிலரும்,"Stainless eight persons and eleven Kapilas",எண்மரும்,EIGHTPERSONS_CONJ,"Eight persons; with conjunction"
"Poem 3: Philosophical hymn exploring Vishnu's omnipresence, multiple forms, and cosmic unity",மாசு இல் எண்மரும் பதினொரு கபிலரும்,"Stainless eight persons and eleven Kapilas",பதினொரு,ELEVEN,"Eleven"
"Poem 3: Philosophical hymn exploring Vishnu's omnipresence, multiple forms, and cosmic unity",மாசு இல் எண்மரும் பதினொரு கபிலரும்,"Stainless eight persons and eleven Kapilas",கபிலரும்,KAPILAS_CONJ,"Kapilas (sages); with conjunction"
"Poem 3: Philosophical hymn exploring Vishnu's omnipresence, multiple forms, and cosmic unity",தா மா இருவரும் தருமனும் மடங்கலும்,"Two great ones and Dharma and others",தா,GIVING,"Giving; possibly abbreviation"
"Poem 3: Philosophical hymn exploring Vishnu's omnipresence, multiple forms, and cosmic unity",தா மா இருவரும் தருமனும் மடங்கலும்,"Two great ones and Dharma and others",மா,GREAT_LARGE,"Great"
"Poem 3: Philosophical hymn exploring Vishnu's omnipresence, multiple forms, and cosmic unity",தா மா இருவரும் தருமனும் மடங்கலும்,"Two great ones and Dharma and others",இருவரும்,TWOPERSONS_CONJ,"Two persons; with conjunction"
"Poem 3: Philosophical hymn exploring Vishnu's omnipresence, multiple forms, and cosmic unity",தா மா இருவரும் தருமனும் மடங்கலும்,"Two great ones and Dharma and others",தருமனும்,DHARMA_CONJ,"Dharma; with conjunction"
"Poem 3: Philosophical hymn exploring Vishnu's omnipresence, multiple forms, and cosmic unity",தா மா இருவரும் தருமனும் மடங்கலும்,"Two great ones and Dharma and others",மடங்கலும்,OTHERS_ETC,"Others, etc.; with conjunction"
"Poem 3: Philosophical hymn exploring Vishnu's omnipresence, multiple forms, and cosmic unity",மூஏழ் உலகமும் உலகினுள் மன்பதும்,"Three-seven worlds and humanity within world",மூஏழ்,THREESEVEN,"Three-seven (21); compound number"
"Poem 3: Philosophical hymn exploring Vishnu's omnipresence, multiple forms, and cosmic unity",மூஏழ் உலகமும் உலகினுள் மன்பதும்,"Three-seven worlds and humanity within world",உலகமும்,WORLDS_CONJ,"Worlds; with conjunction"
"Poem 3: Philosophical hymn exploring Vishnu's omnipresence, multiple forms, and cosmic unity",மூஏழ் உலகமும் உலகினுள் மன்பதும்,"Three-seven worlds and humanity within world",உலகினுள்,WORLD_INSIDE,"Inside world; locative"
"Poem 3: Philosophical hymn exploring Vishnu's omnipresence, multiple forms, and cosmic unity",மூஏழ் உலகமும் உலகினுள் மன்பதும்,"Three-seven worlds and humanity within world",மன்பதும்,HUMANITY_CONJ,"Humanity; with conjunction"
"Poem 3: Philosophical hymn exploring Vishnu's omnipresence, multiple forms, and cosmic unity",மாயோய் நின்வயின் பரந்தவை உரைத்தேம்,"O illusory one, in your presence we spoke of those that spread",மாயோய்,DIVINE_ADDRESS_MAYA,"O illusory one; addressing Vishnu"
"Poem 3: Philosophical hymn exploring Vishnu's omnipresence, multiple forms, and cosmic unity",மாயோய் நின்வயின் பரந்தவை உرைத்தேம்,"O illusory one, in your presence we spoke of those that spread",நின்வயின்,YOUR_PRESENCE,"In your presence"
"Poem 3: Philosophical hymn exploring Vishnu's omnipresence, multiple forms, and cosmic unity",மாயோய் நின்வயின் பரந்தவை உரைத்தேம்,"O illusory one, in your presence we spoke of those that spread",பரந்தவை,SPREAD_THINGS,"Those that spread"
"Poem 3: Philosophical hymn exploring Vishnu's omnipresence, multiple forms, and cosmic unity",மாயோய் நின்வயின் பரந்தவை உரைத்தேம்,"O illusory one, in your presence we spoke of those that spread",உரைத்தேம்,WE_SPOKE,"We spoke"